##################################################;;;;;;;;;;;;;;x,,,,,,,,
# Country Events;;;;;;;;;;;;;;x,,,,,,,,
##################################################;;;;;;;;;;;;;;x,,,,,,,,
##### Setup #####;;;;;;;;;;;;;;x,,,,,,,,
EVTNAME2000000;Welcome to CoE:RoI!;;;;;;;;;;;;;;x,,,,,,,,
EVTDESC2000000;'Roar of Industry' is the newest edition of 'Concert of Europe' mod. It has initialy been based on PDM, however the whole economy (including pop promotions, etc.) has been majorly overhauled. Aside from that, the mod begins in 1821, and runs up to 1947, which gives you more room to shape the world of your own! There are of course much more changes, too many to list here, so I hope this mod will give you fresh experience!;;;;;;;;;;;;;;x,,,,,,,,
EVTNAME2000001;Welcome to CoE!;;;;;;;;;;;;;;x,,,,,,,,
EVTDESC2000001;The Nation of the USA is currently suffering from a bug occuring when releasing Canadian states (not Canada itself) that will then result in them requesting statehood, when multiple states do this at the same time the event will only popup once allowing you to integrate only 1 of these nations, this can easily be dodged by only releasing 1 Canadian minor in every war so they can all be integrated seperatly, this might be fixed though we arent sure yet.;;;;;;;;;;;;;;x,,,,,,,,
EVTNAME2000002;Welcome to CoE!;;;;;;;;;;;;;;x,,,,,,,,
EVTDESC2000002;Japan is currently suffering from a bug caused by the decisions after westernising, it is recommended to only take 1 of these decisions every year to make sure you get the maximal benefit from the research points granted with these decisions.;;;;;;;;;;;;;;x,,,,,,,,
##### Japan #####;;;;;;;;;;;;;;x,,,,,,,,
EVTNAME1000000;Our Iwakura Mission Pays Off;;;;;;;;;;;;;;x,,,,,,,,
EVTDESC1000000;Our mission has proven to be super effective giving us a technological benefit.;;;;;;;;;;;;;;x,,,,,,,,
##### Growing Consumption ####;;;;;;;;;;;;;;x,,,,,,,,
EVTNAME999999;Growing Consumption!;;;;;;;;;;;;;;x,,,,,,,,
EVTDESC999999;Due to usage of water wheel power consumption in our country has started growing. My life is like water that has passed the mill; it turns no wheel. -Thomas Wolfe;;;;;;;;;;;;;;x,,,,,,,,
EVTNAME999998;Growing Consumption!;;;;;;;;;;;;;;x,,,,,,,,
EVTDESC999998;Due to usage of the practical steam engine consumption in our country has started growing. Science owes more to the steam engine than the steam engine owes to science. -Lawrence Joseph Henderson;;;;;;;;;;;;;;x,,,,,,,,
EVTNAME999997;Growing Consumption!;;;;;;;;;;;;;;x,,,,,,,,
EVTDESC999997;Due to improvement of our steam engines consumption in our country has started growing. I've got a soul: don't tell me I haven't. Cut me up and you can't find it. Cut up a steam engine and you can't find the steam. But, by George, it makes the engine go. -George Bernard Shaw;;;;;;;;;;;;;;x,,,,,,,,
EVTNAME999996;Growing Consumption!;;;;;;;;;;;;;;x,,,,,,,,
EVTDESC999996;Due to usage of steam turbines consumption in our country has started growing. Why can't we make these things run on wind and you know.. place em in peoples backyards to annoy them. -A state-employed idiot;;;;;;;;;;;;;;x,,,,,,,,
EVTNAME999995;Growing Consumption!;;;;;;;;;;;;;;x,,,,,,,,
EVTDESC999995;Due to the usage of the combustion engine consumption in our country has started growing. The substitution of the internal combustion engine for the horse marked a very gloomy milestone in the progress of mankind. -Winston Churchill;;;;;;;;;;;;;;x,,,,,,,,
EVTNAME999994;Growing Consumption!;;;;;;;;;;;;;;x,,,,,,,,
EVTDESC999994;Due to usage of electrical power consumption in our country has started growing. Electricity is really just organized lightning. -George Carlin;;;;;;;;;;;;;;x,,,,,,,,
EVTNAME999993;Growing Consumption!;;;;;;;;;;;;;;x,,,,,,,,
EVTDESC999993;Due to advancement in our ways of generating electricity consumption in our country has started growing. When Thomas Edison worked late into the night on the electric light, he had to do it by gas lamp or candle. I'm sure it made the work seem that much more urgent. -George Carlin;;;;;;;;;;;;;;x,,,,,,,,
EVTNAME999992;Growing Consumption!;;;;;;;;;;;;;;x,,,,,,,,
EVTDESC999992;Due to our pressing industry consumption in our country has started growing. Our liberty depends on the freedom of the press, and that cannot be limited without being lost. -Thomas Jefferson;;;;;;;;;;;;;;x,,,,,,,,
EVTNAME999991;Growing Consumption!;;;;;;;;;;;;;;x,,,,,,,,
EVTDESC999991;Due to mechanical production consumption in our country has started growing. I am a mechanical engineer. To save time lets just assume that I am never wrong. -Every engineer ever;;;;;;;;;;;;;;x,,,,,,,,
EVTNAME999990;Growing Consumption!;;;;;;;;;;;;;;x,,,,,,,,
EVTDESC999990;Due to usage of interchangeable parts consumption in our country has started growing. Interchangeable parts don't, leakproof seals aren't, and self-starters won't.  -Anonymous;;;;;;;;;;;;;;x,,,,,,,,
EVTNAME999989;Growing Consumption!;;;;;;;;;;;;;;x,,,,,,,,
EVTDESC999989;Due to our industry getting semi-automatized consumption in our country has started growing. The first rule of any technology used in a business is that automation applied to an efficient operation will magnify the efficiency. The second is that automation applied to an inefficient operation will magnify the inefficiency. -Bill Gates;;;;;;;;;;;;;;x,,,,,,,,
EVTNAME999988;Growing Consumption!;;;;;;;;;;;;;;x,,,,,,,,
EVTDESC999988;Due to usage of the assembly line consumption in our country has started growing. People can have the model T in any color, so long as it's black. -Henry Ford;;;;;;;;;;;;;;x,,,,,,,,
EVTNAME999987;Growing Consumption!;;;;;;;;;;;;;;x,,,,,,,,
EVTDESC999987;Due to shift working consumption in our country has started growing. I feel so energized after that 12-hour shift. -No one, ever;;;;;;;;;;;;;;x,,,,,,,,
EVTNAME999986;Growing Consumption!;;;;;;;;;;;;;;x,,,,,,,,
EVTDESC999986;Due to mechanized manufacturing consumption in our country has started growing. Mechanization best serves mediocriy. -Frank Lloyd Wright;;;;;;;;;;;;;;x,,,,,,,,
EVTNAME999985;Growing Consumption!;;;;;;;;;;;;;;x,,,,,,,,
EVTDESC999985;Due to electricity consumption in our country has started growing, and so has our electricity bill. If your hate could be turned into electricity, it would light up the whole world. -Nikola Tesla;;;;;;;;;;;;;;x,,,,,,,,
EVTNAME999984;Growing Consumption!;;;;;;;;;;;;;;x,,,,,,,,
EVTDESC999984;Due to freedom of trade consumption in our country has started growing. You don't need a treaty to have free trade. -Murray Rothbard;;;;;;;;;;;;;;x,,,,,,,,
EVTNAME999983;Growing Consumption!;;;;;;;;;;;;;;x,,,,,,,,
EVTDESC999983;Due to market structure consumption in our country has started growing. I never attempt to make money on the stock market. I buy on the assumption that they could close the market the next day and not reopen it for five years. -Warren Buffet;;;;;;;;;;;;;;x,,,,,,,,
EVTNAME999982;Growing Consumption!;;;;;;;;;;;;;;x,,,,,,,,
EVTDESC999982;Due to business regulations revolution consumption in our country has started growing. If you have ten thousand regulations you destroy all respect for the law. -Winston Churchill;;;;;;;;;;;;;;x,,,,,,,,
EVTNAME999981;Growing Consumption!;;;;;;;;;;;;;;x,,,,,,,,
EVTDESC999981;Due to market regulations consumption in our country has started growing. Corruption is government intrusion into market efficiencies in the form of regulations. -Milton Friedman;;;;;;;;;;;;;;x,,,,,,,,
EVTNAME999980;Growing Consumption!;;;;;;;;;;;;;;x,,,,,,,,
EVTDESC999980;Due to economic responsibility consumption in our country has started growing. The price of greatness is responsibility. -Winston Churchill;;;;;;;;;;;;;;x,,,,,,,,
EVTNAME999979;Growing Consumption!;;;;;;;;;;;;;;x,,,,,,,,
EVTDESC999979;Due to government interventionism consumption in our country has started growing. America goes not abroad, in search of monsters to destroy. She is the well-wisher to the freedom and independence of all. -John Quincy Adams;;;;;;;;;;;;;;x,,,,,,,,
EVTNAME999978;Growing Consumption!;;;;;;;;;;;;;;x,,,,,,,,
EVTDESC999978;Due to globalized markets consumption in our country has started growing. Globalisation is not something that we can hold off or turn off: it is the economic equivalent of a force of nature, like wind or water. -William J. Clinton;;;;;;;;;;;;;;x,,,,,,,,
EVTNAME999977;Growing Consumption!;;;;;;;;;;;;;;x,,,,,,,,
EVTDESC999977;Due to belief in the early classical theory consumption in our country has started growing. The real tragedy of the poor is the poverty of their aspirations. -Adam Smith;;;;;;;;;;;;;;x,,,,,,,,
EVTNAME999976;Growing Consumption!;;;;;;;;;;;;;;x,,,,,,,,
EVTDESC999976;Due to belief in the late classical theory consumption in our country has started growing. All money is a matter of belief. -Adam Smith;;;;;;;;;;;;;;x,,,,,,,,
EVTNAME999975;Growing Consumption!;;;;;;;;;;;;;;x,,,,,,,,
EVTDESC999975;Due to belief in the collectivist theory consumption in our country has started growing. Every collectivist revolution rides in on a Trojan horse of EMERGENCY. -Herbert Hoover;;;;;;;;;;;;;;x,,,,,,,,
EVTNAME999974;Growing Consumption!;;;;;;;;;;;;;;x,,,,,,,,
EVTDESC999974;Due to belief in the historical theory consumption in our country has started growing. Either one lives for politics or one lives off politics. -Max Weber;;;;;;;;;;;;;;x,,,,,,,,
EVTNAME999973;Growing Consumption!;;;;;;;;;;;;;;x,,,,,,,,
EVTDESC999973;Due to belief in the neo-classical theory consumption in our country has started growing. 1. People have rational preferences between outcomes that can be identified and associated with values. 2. Individuals maximize utility and firms maximize profits. 3. People act independently on the basis of full and relevant information. -E. Roy Weintraub;;;;;;;;;;;;;;x,,,,,,,,
EVTNAME999972;Growing Consumption!;;;;;;;;;;;;;;x,,,,,,,,
EVTDESC999972;Due to belief in Keynesian economics consumption in our country has started growing. The difficulty lies not so much in developing new ideas as in escaping from old ones. -John Maynard Keynes;;;;;;;;;;;;;;x,,,,,,,,
EVTNAME999971;Growing Consumption!;;;;;;;;;;;;;;x,,,,,,,,
EVTDESC999971;Due to blief in the neo-liberal theory consumption in our country started growing. Modern liberalism: a heartless steam engine. -Samuel Wilberforce;;;;;;;;;;;;;;x,,,,,,,,
###Slavery###;;;;;;;;;;;;;;x,,,,,,,,
EVTNAME500000;Slave population remains stable;;;;;;;;;;;;;;x,,,,,,,,
EVTDESC500000;The slave population in our country has remained just about the same over the year.;;;;;;;;;;;;;;x,,,,,,,,
EVTNAME500001;Minor growth in Slave population;;;;;;;;;;;;;;x,,,,,,,,
EVTDESC500001;The slave population in our country has experienced a minor growth over the year.;;;;;;;;;;;;;;x,,,,,,,,
EVTNAME500002;Significant growth in Slave population;;;;;;;;;;;;;;x,,,,,,,,
EVTDESC500002;The slave population in our country has experienced a significant growth over the year.;;;;;;;;;;;;;;x,,,,,,,,
EVTNAME500003;Minor decline in Slave population;;;;;;;;;;;;;;x,,,,,,,,
EVTDESC500003;The slave population in our country has experienced a minor decline over the year.;;;;;;;;;;;;;;x,,,,,,,,
EVTNAME500004;Major decline in Slave population;;;;;;;;;;;;;;x,,,,,,,,
EVTDESC500004;The slave population in our country has experienced a major decline over the year.;;;;;;;;;;;;;;x,,,,,,,,
EVTOPTA98241;The Republic shall stand under our protection.;;;;;;;;;;;;;x
EVTOPTB98241;Their quarrel is no business of ours.;;;;;;;;;;;;;x
EVTNAME2670;Our Overlord Demands Their Cores;;;;;;;;;;;;;x
EVTDESC2670;Our overlord has sent a note demanding that we hand over the provinces they consider rightfully theirs. Refusing would mean war with a power far stronger than our own.;;;;;;;;;;;;;x
EVTNAME2671;They Accept Our Demands;;;;;;;;;;;;;x
EVTDESC2671;Our vassal has bowed to our demand and handed over the provinces we claimed. The transfer will be completed within the month.;;;;;;;;;;;;;x
EVTNAME2672;They Refuse Our Demands;;;;;;;;;;;;;x
EVTDESC2672;Our vassal has refused to hand over the provinces we claimed, and has done so in terms that leave us no room to retreat.;;;;;;;;;;;;;x
TIT198260511;The Shape of Our Society;;;;;;;;;;;;;x
DSC198260511;A generation after independence the character of our republic is settling. Merchants press for open ports, landowners for order and protection, officers for a larger army, and the clergy for the old certainties. What emerges from this quarrel will shape our nation for decades.;;;;;;;;;;;;;x
TIT198260512;Bad Blood in the Litoral;;;;;;;;;;;;;x
DSC198260512;Our garrisons hold the nitrate provinces, but the Bolivian press calls daily for their return and our own officers speak far too loudly of what they would do to Bolivia if given leave. The affair has become a diplomatic embarrassment.;;;;;;;;;;;;;x
DSC198260513;Washington proclaims that the Americas are closed to European ambition, and presents itself as the guardian of every republic on this continent. Whether that guardianship is a shield or a leash is the question before us.;;;;;;;;;;;;;x
TIT198260513;The Monroe Doctrine;;;;;;;;;;;;;x
EVTOPTA90904;We shall take our place among the modern nations!;;;;;;;;;;;;;x
EVTOPTB36940;The chiefs shall keep their lands and their sovereignty.;;;;;;;;;;;;;x
EVTDESC44844;Mexico has repudiated the treaties signed after our victory. Their columns are on the march again, and the government in Mexico City denies that any agreement was ever made.;;;;;;;;;;;;;x
EVTNAME300983;The Second Treaty of Erzurum;;;;;;;;;;;;;x
EVTDESC300983;The border with the Ottomans has never been drawn on any map both courts would sign, and the tribes of the frontier answer to whichever governor is nearest. British and Russian mediators have proposed a settlement at Erzurum.;;;;;;;;;;;;;x
EVTNAME300989;The Erzurum Border Commission;;;;;;;;;;;;;x
EVTDESC300989;The commissioners have completed their survey of the frontier, and their line awards the disputed districts to Persia. The Porte is expected to protest, but the mediating powers have already given their word.;;;;;;;;;;;;;x
the_goldsmith_arbitration;The Goldsmid Arbitration;;;;;;;;;;;;;x
roo_expedition_title;Expedition into the Great Karoo;;;;;;;;;;;;;x
roo_expedition_desc;Beyond the settled districts of the Cape lies the Karoo, dry and thinly held. A properly funded expedition of surveyors, wagons and troopers could plant permanent settlements at Beaufort, Calvinia and De Aar.;;;;;;;;;;;;;x
bushmen_expedition_title;Expedition into Namaqualand;;;;;;;;;;;;;x
bushmen_expedition_desc;The copper country north of the Cape is known to prospectors but claimed by nobody. A small expedition would be enough to establish a station at Springbok and secure the district.;;;;;;;;;;;;;x
we_are_free_rgs_title;The Riograndense Republic Stands Alone;;;;;;;;;;;;;x
we_are_free_rgs_desc;The war is over and the flag of the Republic still flies over Piratini. Let us renounce the claims of Rio de Janeiro upon our soil and invite settlers to make their homes among us.;;;;;;;;;;;;;x
restore_spanish_absolutism_title;Restore the Spanish Monarchy;;;;;;;;;;;;;x
restore_spanish_absolutism_desc;The Hundred Thousand Sons of Saint Louis stand before Madrid. With the liberal government broken, we may restore His Most Catholic Majesty to his full authority and end the constitutional experiment in Spain.;;;;;;;;;;;;;x
ENG_transfer_land_to_india_title;Transfer Territory to the Indian Empire;;;;;;;;;;;;;x
ENG_transfer_land_to_india_desc;Provinces we hold directly are claimed by our Indian dominion, and administering them from London serves nobody. Let them be placed under the government in Calcutta.;;;;;;;;;;;;;x
reverse_collectivization_title;Reverse the Collectivisation of Agriculture;;;;;;;;;;;;;x
reverse_collectivization_desc;The collective farms have not fed the country as promised. Returning the land to those who work it will please the peasantry and the landowners alike, though the labourers who gained from collectivisation will not forgive it soon.;;;;;;;;;;;;;x
unify_portugal_galicia_title;Galicia and Portugal United;;;;;;;;;;;;;x
hide_debug_decisions_title;Hide Debug Decisions;;;;;;;;;;;;;x
hide_debug_decisions_desc;Tuck the utility and debug decisions (national value, event toggles, tech school switches) out of sight. They can be brought back at any time.;;;;;;;;;;;;;x
show_debug_decisions_title;Show Debug Decisions;;;;;;;;;;;;;x
show_debug_decisions_desc;Bring the hidden utility and debug decisions back into the decision list.;;;;;;;;;;;;;x
EVTNAME1000400;The Death of Alexander I;;;;;;;;;;;;;x
EVTDESC1000400;The Emperor Alexander, victor over Bonaparte and architect of the Holy Alliance, has died of a fever at Taganrog on the Sea of Azov, far from his capital. St. Petersburg swears allegiance to his brother Constantine in Warsaw, while Warsaw swears allegiance to his brother Nicholas in St. Petersburg. Only a handful of men know that Constantine renounced his rights years ago, in a document sealed away in the Uspensky Cathedral. For three weeks the Empire has two Emperors and obeys neither.;;;;;;;;;;;;;x
EVTOPTA1000400;Open the sealed letter and proclaim Nicholas.;;;;;;;;;;;;;x
EVTNAME1000401;The Decembrists on Senate Square;;;;;;;;;;;;;x
EVTDESC1000401;The officers' secret societies have chosen the confusion of the interregnum for their hour. Some three thousand guardsmen stand in square on Senate Square under a grey December sky, shouting for Constantine and for a constitution, most of them believing the two are the same thing. Their chosen dictator has not appeared. Loyal regiments and the guns of the artillery ring the square, and the Emperor waits, still uncrowned, for a decision that will define his reign.;;;;;;;;;;;;;x
EVTOPTA1000401;Let the artillery speak. Grapeshot at the square!;;;;;;;;;;;;;x
EVTOPTB1000401;Ride out and hear what the officers want.;;;;;;;;;;;;;x
EVTOPTC1000401;Then let Constantine have the throne after all.;;;;;;;;;;;;;x
EVTNAME1000401_NEWS_TITLE;Revolt in St. Petersburg;;;;;;;;;;;;;x
EVTDESC1000401_NEWS_LONG;Rebellious regiments of the Russian Guard have drawn up in the heart of St. Petersburg, refusing the oath to the new Emperor and demanding a constitution for the Empire. Couriers from the Baltic report the square surrounded by loyal troops and field guns. Every chancellery in Europe is now asking whether the Northern Colossus, the sword of the Holy Alliance, is itself proof against revolution.;;;;;;;;;;;;;x
EVTDESC1000401_NEWS_MEDIUM;Guard regiments have mutinied in St. Petersburg, refusing the oath to the new Emperor and demanding a constitution. Loyal troops and artillery have surrounded them.;;;;;;;;;;;;;x
EVTDESC1000401_NEWS_SHORT;Guard regiments mutiny in the Russian capital.;;;;;;;;;;;;;x
EVTNAME1000402;The Third Section;;;;;;;;;;;;;x
EVTDESC1000402;Five conspirators have gone to the gallows and a hundred more to the Siberian mines, but the Emperor has read every word of their testimony and concluded that the rot ran through the best families in the Empire. General Benckendorff proposes a new Third Section of His Majesty's Own Chancellery, with a corps of gendarmes to serve as its hands and eyes in every province. Its business would be nothing less than the opinions of Our subjects.;;;;;;;;;;;;;x
EVTOPTA1000402;The Empire shall have its gendarmes.;;;;;;;;;;;;;x
EVTOPTB1000402;The ministries and the Church are watch enough.;;;;;;;;;;;;;x
EVTNAME1000403;Pestel's Russian Justice;;;;;;;;;;;;;x
EVTDESC1000403;Colonel Pestel's manuscript, the Russkaya Pravda, has been recovered from the earth where his southern society buried it. It calls for a republic, the abolition of serfdom, and the redistribution of half the land of Russia to the communes. Since the Emperor chose to hear the officers rather than shoot them, no one is quite certain whether the thing is evidence, a petition, or a programme. Printers in both capitals are already setting it in type.;;;;;;;;;;;;;x
EVTOPTA1000403;Let it be read and argued over.;;;;;;;;;;;;;x
EVTOPTB1000403;Confiscate every copy, quietly.;;;;;;;;;;;;;x
nicholas_reaction;Nicholaevan Reaction;;;;;;;;;;;;;x
EVTNAME1000301;Riots in Brussels;;;;;;;;;;;;;x
EVTDESC1000301;A performance of Auber's La Muette de Portici at the Theatre de la Monnaie has spilled out into the streets. The crowd has torn the arms of the House of Orange from the shopfronts, the colours of Brabant fly over the Hotel de Ville, and the burghers have armed themselves as a Garde Civique. The southern provinces have grievances enough - Dutch officials, the Dutch language, a Protestant king set over a Catholic people - and the news from Paris has taught them what a crowd may accomplish.;;;;;;;;;;;;;x
EVTOPTA1000301;Restore order at the point of the bayonet.;;;;;;;;;;;;;x
EVTOPTB1000301;Hear the petitions of the south.;;;;;;;;;;;;;x
EVTNAME1000301_NEWS_TITLE;Disorder in Brussels;;;;;;;;;;;;;x
EVTDESC1000301_NEWS_LONG;What began as an evening at the opera has become five days of tumult in the Belgian capital. The Garde Civique patrols the boulevards in place of the royal police, and correspondents report that the tricolour of Brabant has replaced the royal standard on public buildings. Whether The Hague answers with troops or with concessions is the question of the hour in every chancery in Europe.;;;;;;;;;;;;;x
EVTDESC1000301_NEWS_MEDIUM;Brussels is in the hands of an armed citizens' guard after five days of rioting. The Hague has not yet said whether it will send soldiers.;;;;;;;;;;;;;x
EVTDESC1000301_NEWS_SHORT;Rioting in Brussels. Royal authority suspended.;;;;;;;;;;;;;x
EVTNAME1000302;The Provisional Government of Belgium;;;;;;;;;;;;;x
EVTDESC1000302;The regiments sent to clear Brussels have been driven out of the Parc after four days of street fighting, and the men of the barricades have proclaimed a Provisional Government. It has declared the southern provinces independent and summoned a National Congress to give them a constitution. His Majesty must now decide whether the Kingdom of the United Netherlands is worth a war, and whether the Powers who assembled it at Vienna will lift a finger to hold it together.;;;;;;;;;;;;;x
EVTOPTA1000302;Let them go, and let the Powers settle the rest.;;;;;;;;;;;;;x
EVTOPTB1000302;The Kingdom will be preserved by force of arms.;;;;;;;;;;;;;x
EVTOPTC1000302;Vienna and Petersburg made this kingdom - let them defend it.;;;;;;;;;;;;;x
EVTNAME1000302_NEWS_TITLE;Belgium Declares Its Independence;;;;;;;;;;;;;x
EVTDESC1000302_NEWS_LONG;A Provisional Government sitting in the Hotel de Ville at Brussels has declared the southern provinces of the Kingdom of the United Netherlands to be independent, and has called a National Congress to frame a constitution. The royal troops have withdrawn from the city. The settlement of 1815 has been unmade in a fortnight, and the Powers must decide whether to restore it, recognise the new state, or divide the spoils between them.;;;;;;;;;;;;;x
EVTDESC1000302_NEWS_MEDIUM;A Provisional Government at Brussels has declared the southern provinces independent and summoned a National Congress. The royal troops have withdrawn.;;;;;;;;;;;;;x
EVTDESC1000302_NEWS_SHORT;Belgium proclaims independence at Brussels.;;;;;;;;;;;;;x
EVTNAME1000303;The Belgians Appeal to Paris;;;;;;;;;;;;;x
EVTDESC1000303;Envoys of the Provisional Government have arrived in Paris. They speak French, they cheer the tricolour, and they remind the Citizen King that his own throne was raised on barricades only weeks ago. There are deputies in the Chamber who talk again of the natural frontiers, and of a French prince installed at Brussels. There are others who remember that the last time French armies crossed the Scheldt, Europe answered with a coalition.;;;;;;;;;;;;;x
EVTOPTA1000303;The Armee du Nord will march for Belgium.;;;;;;;;;;;;;x
EVTOPTB1000303;Leave the question to the conference table.;;;;;;;;;;;;;x
EVTNAME1000304;Palmerston and the Belgian Question;;;;;;;;;;;;;x
EVTDESC1000304;The barrier the Powers raised against France in 1815 is coming apart, and the Foreign Secretary must decide what to put in its place. A Belgium in French hands would be intolerable to this country. A Belgium independent, perpetually neutral, and guaranteed by all the Powers together is quite another matter - and the trade of Antwerp would be open to us in either case.;;;;;;;;;;;;;x
EVTOPTA1000304;Belgium shall be independent, neutral, and guaranteed.;;;;;;;;;;;;;x
EVTOPTB1000304;This is a quarrel for the continent.;;;;;;;;;;;;;x
EVTNAME1000305;The Twenty-Four Articles;;;;;;;;;;;;;x
EVTDESC1000305;The conference has drawn up its terms. Belgium is to be independent and perpetually neutral, the Scheldt is to be opened, the debt of the old kingdom divided, and Limburg and Luxembourg carved between the two crowns. The Powers have set their hands to it. They now expect the King of the Netherlands to do the same, and they have made it plain that the cost of a refusal will not be paid by them.;;;;;;;;;;;;;x
EVTOPTA1000305;We will sign, and salvage what we can.;;;;;;;;;;;;;x
EVTOPTB1000305;We have not yet been beaten. Let them come.;;;;;;;;;;;;;x
EVTNAME1000306;The Crown of Belgium is Offered;;;;;;;;;;;;;x
EVTDESC1000306;The National Congress has voted for a monarchy and must now find a monarch. The Powers have already vetoed one French prince. Leopold of Saxe-Coburg is a widower of the British royal house, acceptable in London, tolerable in Paris, and beholden to no faction in Brussels. There remain deputies on the benches who would rather have no king at all.;;;;;;;;;;;;;x
EVTOPTA1000306;Leopold of Saxe-Coburg shall be King of the Belgians.;;;;;;;;;;;;;x
EVTOPTB1000306;Offer the crown to the Duc de Nemours.;;;;;;;;;;;;;x
EVTOPTC1000306;Belgium will be a republic.;;;;;;;;;;;;;x
EVTNAME1000307;The Treaty of London, 1839;;;;;;;;;;;;;x
EVTDESC1000307;Nine years of mobilisation have emptied the treasury, and the Powers have not moved an inch from the terms they set in 1831. Belgium is a fact - recognised, garrisoned, and prospering behind its guaranteed neutrality. The Chambers will vote no more money for an army that has done nothing but stand watch at Maastricht. His Majesty may sign, and keep Limburg and half of Luxembourg, or he may go on alone.;;;;;;;;;;;;;x
EVTOPTA1000307;Sign. Nine years is long enough.;;;;;;;;;;;;;x
EVTOPTB1000307;Not while the Orange flag can still be raised in Brussels.;;;;;;;;;;;;;x
EVTNAME1000308;The Guns Fall Silent;;;;;;;;;;;;;x
EVTDESC1000308;Whatever the terms, the war in the south is over. The regiments are coming back to their depots, the Chambers are counting the cost, and the question of Belgium has passed out of the hands of our generals and into those of the diplomats.;;;;;;;;;;;;;x
EVTOPTA1000308;Let the diplomats have it, then.;;;;;;;;;;;;;x
EVTNAME1000500;The London Protocol;;;;;;;;;;;;;x
EVTDESC1000500;On the third of February the plenipotentiaries of Britain, France and Russia signed at London a protocol declaring Greece a fully independent state under the guarantee of the three courts. The protocol settles more than our borders: it settles our form of government, for the powers have resolved that the new state shall be a monarchy under a prince drawn from a neutral house. Leopold of Saxe-Coburg has already declined the offer, and the search for a sovereign continues. The klephts and primates of the Peloponnese, who fought nine years for a free Hellas, are not universally delighted.;;;;;;;;;;;;;x
EVTOPTA1000500;Let the powers choose our king.;;;;;;;;;;;;;x
EVTOPTB1000500;Greece shall be a republic!;;;;;;;;;;;;;x
EVTNAME1000501;Otto of Wittelsbach Lands at Nafplion;;;;;;;;;;;;;x
EVTDESC1000501;The seventeen-year-old second son of King Ludwig of Bavaria has stepped ashore at Nafplion from a British frigate, greeted by cannon salutes and a crowd that cannot pronounce his name. Being a minor, he does not rule: a regency of three Bavarian councillors governs in his stead, funded by a loan from the guaranteeing powers and protected by three and a half thousand Bavarian troops. They speak no Greek, they distrust the captains of the war, and they intend to build a modern administration whether Hellas wants one or not.;;;;;;;;;;;;;x
EVTOPTA1000501;Long live King Othon of the Hellenes.;;;;;;;;;;;;;x
EVTNAME1000501_NEWS_TITLE;A Bavarian King for Greece;;;;;;;;;;;;;x
EVTDESC1000501_NEWS_LONG;Prince Otto of Bavaria, not yet eighteen years of age, has landed at Nafplion to assume the crown of the new Kingdom of Greece under the guarantee of Britain, France and Russia. A council of Bavarian regents will govern until his majority, attended by several thousand Bavarian soldiers. Observers in the Levant note that the men who won the war of independence have been given no place in the government of the country they liberated.;;;;;;;;;;;;;x
EVTDESC1000501_NEWS_MEDIUM;Prince Otto of Bavaria has landed at Nafplion to take the Greek crown. A Bavarian regency will govern until he comes of age, backed by Bavarian troops and a loan from the guaranteeing powers.;;;;;;;;;;;;;x
EVTDESC1000501_NEWS_SHORT;Otto of Bavaria crowned King of the Hellenes.;;;;;;;;;;;;;x
EVTNAME1000502;The Third of September;;;;;;;;;;;;;x
EVTOPTA1000502;Summon the National Assembly.;;;;;;;;;;;;;x
EVTOPTB1000502;The crown does not treat with mutineers.;;;;;;;;;;;;;x
bavarian_regency;Bavarian Regency;;;;;;;;;;;;;x
EVTDESC1000502;Colonel Kallergis has drawn up the Athens garrison before the palace, and the crowd behind the bayonets is chanting for a constitution. Not a shot has been fired. The King is simply informed that the troops will not disperse until he consents to a national assembly and dismisses the last of his Bavarian advisers, and the guaranteeing powers have signalled that they will not intervene on his behalf.;;;;;;;;;;;;;x
EVTNAME60040_NEWS_TITLE;Monarchy Restored in $COUNTRY$;;;;;;;;;;;;;x
EVTDESC60040_NEWS_LONG;With parliament deadlocked and the ministries paralysed, the crown of $COUNTRY$ has reclaimed the prerogatives it had ceded. Ministers will henceforth answer to the monarch rather than to the chamber, and the constitution has been rewritten along Prussian lines. Liberals denounce a coup in all but name, while conservatives call it the only remedy to a decade of parliamentary chaos.;;;;;;;;;;;;;x
EVTDESC60040_NEWS_MEDIUM;The crown of $COUNTRY$ has reclaimed the prerogatives it once ceded to parliament. Ministers now answer to the monarch, and the constitution has been rewritten along Prussian lines.;;;;;;;;;;;;;x
EVTDESC60040_NEWS_SHORT;The monarch of $COUNTRY$ has restored royal rule over parliament.;;;;;;;;;;;;;x
EVTNEWS190359_title;Unveiled Women Protest in Persia;;;;;;;;;;;;;x
EVTDESC97606_NEWS_SHORT;Commodore Perry has returned from Japan, and the isolation of the islands is at an end.;;;;;;;;;;;;;x
EVTDESC97000_NEWS_LONG;Dissatisfaction with Portugal's government has grown into open rebellion. The instigator of the first riots is a woman named Maria da Fonte, who led the peasants of the Minho against the prohibition on burials inside churches and against the new taxes. The revolt has spread from village to village, and royal troops sent to restore order have found the countryside against them.;;;;;;;;;;;;;x
EVTNAME1000600;The Catholic Question;;;;;;;;;;;;;x
EVTDESC1000600;Daniel O'Connell has won the by-election in County Clare by a landslide, and as a Catholic he may not take the seat the freeholders have given him. The Catholic Association has forty thousand men under discipline in Ireland and not a shot has been fired. Mr Peel writes to the Duke that the question is no longer whether we shall concede, but whether we shall concede before or after a civil war. The Ultra-Tories answer that the coronation oath binds His Majesty to the Protestant constitution, and that a Parliament opened to Rome is no longer an English Parliament.;;;;;;;;;;;;;x
EVTOPTA1000600;Emancipation is the cheaper price;;;;;;;;;;;;;x
EVTOPTB1000600;The Protestant constitution stands;;;;;;;;;;;;;x
EVTNAME1000601;The Reform Crisis;;;;;;;;;;;;;x
EVTDESC1000601;Old Sarum returns two members for a green mound. Manchester returns none. Earl Grey's ministry has laid the Reform Bill before the Commons, and the country has taken it up with a violence no ministry expected - the political unions drilling in Birmingham, the papers counting the rotten boroughs by name, and every window in London lit for reform. The Lords have the Bill now. Their lordships may pass it, or they may discover what an unenfranchised nation does when it is told to wait.;;;;;;;;;;;;;x
EVTOPTA1000601;Let the Bill pass;;;;;;;;;;;;;x
EVTOPTB1000601;The Lords will throw it out;;;;;;;;;;;;;x
EVTNAME1000601_NEWS_TITLE;Reform Crisis in Britain;;;;;;;;;;;;;x
EVTDESC1000601_NEWS_LONG;The British Parliament is convulsed by Earl Grey's Reform Bill, which would sweep away the rotten boroughs and give the new manufacturing towns their own members. Crowds gather nightly in Birmingham and London, and the House of Lords must now decide whether to yield or to test the temper of a nation that has just watched Paris unseat a king.;;;;;;;;;;;;;x
EVTDESC1000601_NEWS_MEDIUM;Earl Grey's Reform Bill has reached the House of Lords, and Britain waits in the streets for their lordships' answer.;;;;;;;;;;;;;x
EVTDESC1000601_NEWS_SHORT;Britain debates the Reform Bill.;;;;;;;;;;;;;x
EVTNAME1000602;The Days of May;;;;;;;;;;;;;x
EVTDESC1000602;The Lords have wrecked the Bill and the ministry has resigned. The country has answered in a week - placards for 'Go for Gold, to Stop the Duke', a run on the Bank that no chancellor can survive, the Birmingham union promising a hundred thousand men on the road to London, and half the magistrates in the north declining to read the Riot Act to their own neighbours. His Majesty may create as many new peers as are needed to carry the Bill, or the government may hold firm and find out what comes after.;;;;;;;;;;;;;x
EVTOPTA1000602;His Majesty will create the peers;;;;;;;;;;;;;x
EVTOPTB1000602;We do not legislate under duress;;;;;;;;;;;;;x
found_the_zollverein_title;Found the Zollverein;;;;;;;;;;;;;x
found_the_zollverein_desc;Our tariff law of 1818 swept away the internal customs barriers of the Prussian lands, and the middle states have been drifting into our commercial orbit ever since. Let us now invite every German state outside Vienna's shadow into a single customs union: one tariff, one market, from the Rhine to the Memel. Austria cannot join without dismantling her own protective system, and what begins as a matter of tolls may one day be a matter of crowns.;;;;;;;;;;;;;x
form_the_southern_customs_union_title;Form the Southern Customs Union;;;;;;;;;;;;;x
form_the_southern_customs_union_desc;Berlin's customs union threatens to make the German question an economic one, on ground of Prussia's choosing. Those states that have kept faith with Vienna must not be left to trade at a disadvantage. Let us bind them to our own tariff system instead, and remind Germany that the presidency of the Confederation still sits in the Hofburg.;;;;;;;;;;;;;x
zollverein_member;Zollverein Member;;;;;;;;;;;;;x
zollverein_leader;Leader of the Zollverein;;;;;;;;;;;;;x
EVTNAME1000900;Accession to the Zollverein;;;;;;;;;;;;;x
EVTDESC1000900;An embassy has arrived with a draft treaty of accession to the German customs union. Our tolls would be abolished at the frontier, our merchants would trade freely as far as the Baltic, and our share of the common revenue would be paid to us in coin each year. The price is that our tariff policy would no longer be our own, and that Vienna would read our signature as a defection.;;;;;;;;;;;;;x
EVTOPTA1000900;Sign the treaty of accession;;;;;;;;;;;;;x
EVTOPTB1000900;Our customs are our sovereignty;;;;;;;;;;;;;x
EVTNAME1000900_NEWS_TITLE;A German Customs Union Is Proposed;;;;;;;;;;;;;x
EVTDESC1000900_NEWS_LONG;Delegates from the German states have been summoned to consider a treaty abolishing internal tariffs across much of the Confederation. The union would create a single market of some twenty-five million people, with a common external tariff and revenues divided by population. Observers in Vienna have received the news coldly, noting that the Austrian protective system makes accession impossible for the imperial government.;;;;;;;;;;;;;x
EVTDESC1000900_NEWS_MEDIUM;A treaty abolishing internal German tariffs has been laid before the middle states. Vienna cannot accede without abandoning its own protective system.;;;;;;;;;;;;;x
EVTDESC1000900_NEWS_SHORT;German states weigh a common customs union.;;;;;;;;;;;;;x
EVTNAME1000901;A German State Accedes;;;;;;;;;;;;;x
EVTDESC1000901;The treaty of accession has been signed and the customs posts on that frontier are to be taken down within the year. Every state that joins makes the next accession easier, for the holdouts find themselves ringed by a market they cannot enter on equal terms.;;;;;;;;;;;;;x
EVTOPTA1000901;One tariff, one Germany;;;;;;;;;;;;;x
EVTNAME1000902;A German State Stays Out;;;;;;;;;;;;;x
EVTDESC1000902;Our embassy has returned empty-handed. The court in question prefers its own tolls, its own bridge dues and the goodwill of Vienna to a share of our common revenue. It may yet be brought round by patience, or by the simple arithmetic of being left outside.;;;;;;;;;;;;;x
EVTOPTA1000902;Let them count the cost of exclusion;;;;;;;;;;;;;x
EVTOPTB1000902;Offer better terms and keep talking;;;;;;;;;;;;;x
EVTNAME1000903;Berlin's Customs Union;;;;;;;;;;;;;x
EVTDESC1000903;Reports from our envoys in the smaller courts are unanimous: Prussia is assembling a commercial union across Germany that we cannot join without dismantling the protective tariffs on which our own industry depends. Prince Metternich observes that the Confederation was built to contain exactly this, and that a union of tolls will not stop at tolls.;;;;;;;;;;;;;x
EVTOPTA1000903;Hold the loyal courts by other means;;;;;;;;;;;;;x
EVTOPTB1000903;Denounce this breach of the Confederation;;;;;;;;;;;;;x
EVTNAME1000904;The German Customs Union Is Complete;;;;;;;;;;;;;x
EVTDESC1000904;On the first of January the barriers came down. Thirty-eight tariff frontiers, with their gaugers and their toll-houses and their thirty-eight schedules of duties, have been reduced to one. Goods now travel from the Rhine to the eastern provinces without inspection, weights and measures are being brought into line, and the states that stayed outside are already asking on what terms they might be admitted. We did not set out to unify Germany. We may have begun to.;;;;;;;;;;;;;x
EVTOPTA1000904;The barriers are down;;;;;;;;;;;;;x
EVTNAME1000904_NEWS_TITLE;The Customs Barriers Come Down;;;;;;;;;;;;;x
EVTDESC1000904_NEWS_LONG;At midnight the chains were lifted at the internal frontiers of the German customs union and long files of waggons, which had been drawn up on the roads since the previous evening, passed through without inspection. Merchants describe the change as the greatest single alteration to German trade in living memory. Political observers are less sanguine: a union of tariffs, they note, has a way of becoming a union of something else.;;;;;;;;;;;;;x
EVTDESC1000904_NEWS_MEDIUM;The internal tariff frontiers of the German customs union were lifted at midnight, creating a single market across most of the Confederation.;;;;;;;;;;;;;x
EVTDESC1000904_NEWS_SHORT;German internal tariffs abolished at midnight.;;;;;;;;;;;;;x
EVTNAME1000700;The Eskinci Corps;;;;;;;;;;;;;x
EVTOPTA1000700;Turn the guns on the barracks!;;;;;;;;;;;;;x
EVTOPTB1000700;Let the kettles lie.;;;;;;;;;;;;;x
EVTNAME1000700_NEWS_TITLE;Cannon in the Etmeydani;;;;;;;;;;;;;x
EVTDESC1000700_NEWS_LONG;Constantinople is under martial law after the destruction of the Janissary corps. Reports reaching Vienna describe the guns of the Sultan's artillery firing upon the Janissary barracks at close range until the buildings were alight, and the survivors hunted through the quarters of the city for three days. The corps that once carried the Ottoman standard to the walls of Vienna has been abolished by imperial edict, its name forbidden, its dervish protectors banished. The Porte styles the affair the Auspicious Incident. Whether the Sultan can now conjure a modern army from the ashes of the old is the question every chancellery in Europe is asking.;;;;;;;;;;;;;x
EVTDESC1000700_NEWS_MEDIUM;The Sultan's artillery has destroyed the Janissary corps in its Constantinople barracks. The order is abolished by edict and its name forbidden. The Porte calls the affair the Auspicious Incident.;;;;;;;;;;;;;x
EVTDESC1000700_NEWS_SHORT;The Janissary corps is destroyed by cannon in Constantinople.;;;;;;;;;;;;;x
EVTNAME1000701;The Mansure Army;;;;;;;;;;;;;x
EVTDESC1000701;The Janissaries are gone and with them the greater part of the army's officers, its drill, and its supply. What remains is the Asakir-i Mansure-i Muhammediye - the Victorious Soldiers of Muhammad - a paper establishment that must be turned into regiments before the next war finds us. Uniforms have been ordered, barracks are building, and the treasury groans. The one thing that cannot be bought in the bazaar is instruction.;;;;;;;;;;;;;x
EVTOPTA1000701;Engage Prussian and French instructors.;;;;;;;;;;;;;x
EVTOPTB1000701;Send to Egypt for officers.;;;;;;;;;;;;;x
EVTNAME1000702;A Second Reckoning;;;;;;;;;;;;;x
EVTOPTA1000702;Strike now, before it is too late.;;;;;;;;;;;;;x
EVTOPTB1000702;The corps has earned its place.;;;;;;;;;;;;;x
nizam_i_cedid;New Order Army;;;;;;;;;;;;;x
janissary_ascendancy;Janissary Ascendancy;;;;;;;;;;;;;x
EVTNAME95073;The Organic Statute;;;;;;;;;;;;;x
EVTOPTA95073;Abolish the Kingdom's separate institutions.;;;;;;;;;;;;;x
EVTOPTB95073;Restore the charter and rule by conciliation.;;;;;;;;;;;;;x
EVTDESC1000700;Sultan Mahmud II has spent a decade waiting. The Janissary corps, once the terror of Christendom, has become a corporation of shopkeepers and street bullies that has deposed three sultans and butchered a fourth. On the fourteenth of June the Sultan proclaims the Eskinci - a new corps of picked men to be drilled, uniformed and paid in the European manner. Within two days the Janissaries of Istanbul have overturned their soup kettles in the Etmeydani, the ancient signal of mutiny, and the crowd is calling for the heads of the Sultan's ministers. Loyal artillery stands ready in the Hippodrome, and the Sheikh ul-Islam has been sounded out for a fetva. The Sultan must decide whether this is the reckoning at last.;;;;;;;;;;;;;x
EVTDESC1000702;Five years have passed since the Sultan drew back from the Etmeydani, and the corps has not grown more tractable for the reprieve. The aghas sit in the divan as though they had won a battle. Every proposal for a new levy dies in committee, and the provinces take their cue from the capital. The Sultan's ministers argue that what was possible in 1826 is still possible now, and that it will not be possible for much longer.;;;;;;;;;;;;;x
EVTDESC95073;The Polish rising is broken. Warsaw has fallen, the Sejm that dared depose the Tsar is scattered across Prussia and Galicia, and thousands of officers and gentry have taken the road to Paris rather than the road home. What remains is to settle what the Kingdom of Poland shall be. The Constitution of 1815 gave the Poles their own Sejm, their own army and their own coinage under the Tsar's crown, and His Majesty's advisers are unanimous that it gave them the means of the rebellion as well. An Organic Statute has been drafted that would replace the constitution altogether, abolishing the Sejm and the Polish army and administering the Kingdom as a Russian province in all but name.;;;;;;;;;;;;;x
EVTNAME1001000;The Constitutional Charter and Dom Miguel's Return;;;;;;;;;;;;;x
EVTDESC1001000;Dom Pedro has sent us a Constitutional Charter from Rio and abdicated the Portuguese crown in favour of his infant daughter, Maria da Gloria. His brother Dom Miguel is to return from exile in Vienna, swear the Charter and rule as regent in her name. Instead, from the moment he lands at Lisbon the absolutists have thronged the palace, the Cortes has been dissolved, and the municipalities are being made to acclaim him king in his own right. The garrison of Oporto and the officers of the Azores refuse to read the proclamation.;;;;;;;;;;;;;x
EVTOPTA1001000;Long live King Miguel I, absolute lord of Portugal!;;;;;;;;;;;;;x
EVTOPTB1001000;The Cortes will not surrender the Charter.;;;;;;;;;;;;;x
EVTNAME1001000_NEWS_TITLE;Dom Miguel Acclaimed King in Lisbon;;;;;;;;;;;;;x
EVTDESC1001000_NEWS_LONG;Dom Miguel, returned from exile to serve as regent for his niece, has been acclaimed absolute king by the assembled estates in Lisbon. The Constitutional Charter is set aside, the Cortes dissolved and the liberal deputies scattered. The northern garrisons and the Azores have not submitted, and London has recalled its minister.;;;;;;;;;;;;;x
EVTDESC1001000_NEWS_MEDIUM;The estates in Lisbon have acclaimed Dom Miguel absolute king. The Charter is set aside and the north has not submitted.;;;;;;;;;;;;;x
EVTDESC1001000_NEWS_SHORT;Dom Miguel acclaimed absolute king.;;;;;;;;;;;;;x
EVTNAME1001001;The Liberals at Terceira;;;;;;;;;;;;;x
EVTDESC1001001;The Charter's defenders have not been extinguished. A regency in the name of Queen Maria sits at Angra on Terceira, the emigration in London and Plymouth drills openly, and the Azorean squadron flies the constitutional colours. Dom Pedro, having abdicated in Brazil, is said to be gathering ships and money to land in the north. Oporto has always been a liberal city, and it is watching the sea.;;;;;;;;;;;;;x
EVTOPTA1001001;Blockade the islands and purge the north.;;;;;;;;;;;;;x
EVTOPTB1001001;Let the exiles rot in their Atlantic rock.;;;;;;;;;;;;;x
EVTNAME1001002;The Convention of Evora Monte;;;;;;;;;;;;;x
EVTDESC1001002;After the landing at Mindelo, the siege of Oporto and the loss of the fleet off Cape St Vincent, the war of the two brothers has burned itself out. Both armies are ragged, the treasury is empty and the powers have made it plain that they will not tolerate another year of it. Envoys are meeting at Evora Monte to settle the succession once and for all.;;;;;;;;;;;;;x
EVTOPTA1001002;Miguel shall abdicate and go into exile. The Charter is restored.;;;;;;;;;;;;;x
EVTOPTB1001002;No convention. The King holds Portugal, whatever Europe says.;;;;;;;;;;;;;x
EVTNAME1001002_NEWS_TITLE;Peace at Evora Monte Ends the War of the Brothers;;;;;;;;;;;;;x
EVTDESC1001002_NEWS_LONG;The convention signed at Evora Monte closes the Portuguese civil war. Dom Miguel renounces every claim to the crown and leaves the kingdom on a pension, Queen Maria II is restored under the Constitutional Charter, and the emigration returns to Lisbon. The Quadruple Alliance has its settlement and Britain her ally on the Tagus.;;;;;;;;;;;;;x
EVTDESC1001002_NEWS_MEDIUM;The convention of Evora Monte ends the Portuguese civil war: Miguel renounces the crown and the Charter is restored under Queen Maria II.;;;;;;;;;;;;;x
EVTDESC1001002_NEWS_SHORT;Evora Monte ends the Portuguese civil war.;;;;;;;;;;;;;x
EVTNAME1001003;The Miguelite Revolt;;;;;;;;;;;;;x
EVTDESC1001003;The Cortes has kept the Charter, but the King's brother has not gone quietly. Absolutist bands are up in Tras-os-Montes and the Alentejo under the cry of 'King Miguel and the Holy Faith', friars preach against the constitution from every pulpit, and whole regiments have gone over to the pretender. The loyalty of the army is now the whole question.;;;;;;;;;;;;;x
EVTOPTA1001003;The Charter holds. Scatter them.;;;;;;;;;;;;;x
EVTOPTB1001003;The army has declared for Miguel. It is over.;;;;;;;;;;;;;x
EVTNAME1001200;The Monroe Doctrine;;;;;;;;;;;;;x
EVTOPTA1001200;America for the Americans!;;;;;;;;;;;;;x
EVTOPTB1001200;The Old World is no concern of ours;;;;;;;;;;;;;x
EVTNAME1001201;The Tariff of Abominations;;;;;;;;;;;;;x
EVTOPTA1001201;Sign the bill;;;;;;;;;;;;;x
EVTOPTB1001201;Strike out the higher schedule;;;;;;;;;;;;;x
EVTNAME1001202;The Nullification Crisis;;;;;;;;;;;;;x
EVTOPTA1001202;The Force Bill in one hand, Clay's compromise in the other;;;;;;;;;;;;;x
EVTOPTC1001202;March the army into Charleston;;;;;;;;;;;;;x
EVTNAME1001202_NEWS_TITLE;South Carolina Nullifies the Tariff;;;;;;;;;;;;;x
tariff_of_abominations;Tariff of Abominations;;;;;;;;;;;;;x
sectional_tension;Sectional Tension;;;;;;;;;;;;;x
EVTDESC1001200;In his annual message to Congress, President Monroe has set out a principle for the whole hemisphere. The American continents are no longer open to European colonisation, and any attempt by the powers of the Holy Alliance to extend their system to the new republics would be regarded as dangerous to our peace and safety. In return we pledge not to meddle in the wars of Europe. Canning's Britain would welcome such a declaration. Metternich will call it insolence.;;;;;;;;;;;;;x
EVTDESC1001201;The tariff bill that has come out of committee raises duties on raw wool, hemp, iron and molasses to rates no manufacturer ever asked for. New England mills are protected. The cotton planters of the South, who buy in a protected market and sell in a free one, call it a tariff of abominations and say plainly that it taxes them for the benefit of Northern industry. Vice President Calhoun is said to be drafting an Exposition against it.;;;;;;;;;;;;;x
EVTDESC1001202;A convention at Columbia has declared the tariffs of 1828 and 1832 null and void within South Carolina, forbidden the collection of duties in Charleston after February, and threatened secession should force be used. President Jackson answers that disunion by armed force is treason, and asks Congress for a Force Bill. In the same breath Henry Clay offers a compromise tariff falling by degrees over ten years. The Union has never been tested in this manner.;;;;;;;;;;;;;x
EVTOPTB1001202;Let the tariff die - the Union is worth more;;;;;;;;;;;;;x
EVTDESC1001202_NEWS_LONG;A state convention at Columbia has pronounced the federal tariffs of 1828 and 1832 unauthorised by the Constitution and void within South Carolina, and has forbidden the collection of duties at Charleston. The President has replied that the laws of the Union will be executed, and has asked Congress for authority to use the army and navy. Senator Clay meanwhile lays before the chamber a tariff descending by stages over ten years. Whether the quarrel ends in a compromise or in the first use of federal arms against a state is the question of the hour in every counting-house from Boston to New Orleans.;;;;;;;;;;;;;x
EVTDESC1001202_NEWS_MEDIUM;South Carolina has declared the federal tariff void within her borders and forbidden its collection at Charleston. The President demands a Force Bill, while Senator Clay offers a compromise schedule instead.;;;;;;;;;;;;;x
EVTDESC1001202_NEWS_SHORT;South Carolina declares the tariff void. The President asks for a Force Bill.;;;;;;;;;;;;;x
EVTNAME1001300;Diponegoro's Rising;;;;;;;;;;;;;x
EVTDESC1001300;Prince Diponegoro of Yogyakarta has raised the green banner of holy war. A road driven through his ancestral graves at Tegalreja was the spark, but the grievance is older - the land rents, the toll gates and the Resident's tutelage over the courts of Java. Regents, santri and peasants are flocking to him, and our garrisons in the interior are too few and too scattered to hold the passes.;;;;;;;;;;;;;x
EVTOPTA1001300;General de Kock will pacify the interior.;;;;;;;;;;;;;x
EVTOPTB1001300;Buy off the princes before the island burns.;;;;;;;;;;;;;x
EVTOPTC1001300;We are stretched too thin in Europe to fight in Asia.;;;;;;;;;;;;;x
EVTNAME1001300_NEWS_TITLE;Holy War Proclaimed in Java;;;;;;;;;;;;;x
EVTDESC1001300_NEWS_LONG;A prince of the house of Yogyakarta has proclaimed a holy war against the Dutch in central Java. Reports from Batavia speak of the interior in flames, of Netherlands columns ambushed on the mountain roads, and of the old regents deserting to the rebel camp.;;;;;;;;;;;;;x
EVTDESC1001300_NEWS_MEDIUM;A Javanese prince has proclaimed a holy war against the Dutch, and the interior of the island is in flames.;;;;;;;;;;;;;x
EVTDESC1001300_NEWS_SHORT;Java rises against the Dutch.;;;;;;;;;;;;;x
EVTNAME1001301;Diponegoro Captured at Magelang;;;;;;;;;;;;;x
EVTDESC1001301;Five years of guerrilla war, the benteng-stelsel of fortified posts and the slow starvation of the rebel districts have ended the rising. Invited to Magelang under a flag of truce to negotiate, Diponegoro was seized and is to be exiled to Celebes. The victory has cost us fifteen thousand soldiers and a treasury we no longer have. Java is quiet, ruined and must now be made to pay.;;;;;;;;;;;;;x
EVTOPTA1001301;Van den Bosch shall introduce the Cultivation System.;;;;;;;;;;;;;x
EVTOPTB1001301;Java must be governed with a lighter hand.;;;;;;;;;;;;;x
EVTNAME1001301_NEWS_TITLE;The Java War Is Over;;;;;;;;;;;;;x
EVTDESC1001301_NEWS_LONG;The rebel prince of Yogyakarta has been taken at Magelang, having come to the Dutch camp under a flag of truce, and is to be carried into exile in the eastern islands. Five years of war in the interior are said to have cost the Netherlands fifteen thousand soldiers and the greater part of the colonial revenue.;;;;;;;;;;;;;x
EVTDESC1001301_NEWS_MEDIUM;The rebel prince of Yogyakarta has been taken at Magelang and exiled. The Java War is over.;;;;;;;;;;;;;x
EVTDESC1001301_NEWS_SHORT;The Java War ends in Dutch victory.;;;;;;;;;;;;;x
EVTNAME1001302;The Bargain with the Regents;;;;;;;;;;;;;x
EVTDESC1001302;Rather than march into the mountains we have gone to the courts with money. The land rents of the princely districts are remitted, the toll gates on the Progo are pulled down, and the regents keep their apanages and their dignity. Diponegoro's following melts away before it can become an army. The Indies will earn us less for some years - but they will not cost us an army either.;;;;;;;;;;;;;x
EVTOPTA1001302;A cheap peace is still a peace.;;;;;;;;;;;;;x
java_war;Java War;;;;;;;;;;;;;x
cultuurstelsel;Cultivation System;;;;;;;;;;;;;x
EVTNAME1001100;The Carbonari;;;;;;;;;;;;;x
EVTOPTA1001100;Watch the lodges, and do not make martyrs.;;;;;;;;;;;;;x
EVTOPTB1001100;Break them. Arrests, and the galleys.;;;;;;;;;;;;;x
EVTNAME1001101;Ciro Menotti's Conspiracy;;;;;;;;;;;;;x
EVTDESC1001101;Ciro Menotti of Carpi has been meeting our Duke in private for a year, dangling before him a crown: let Francesco IV put himself at the head of a rising, and a united Italy of the north might be his. Paris has driven out its Bourbon and the news has emboldened every liberal from Turin to Bologna. Now Menotti's men are arming in a house on the Via Grande, and the Duke must decide whether he is their patron or their gaoler.;;;;;;;;;;;;;x
EVTOPTA1001101;Surround the house. Menotti hangs.;;;;;;;;;;;;;x
EVTOPTB1001101;Hesitate - and let the rising come.;;;;;;;;;;;;;x
EVTNAME1001102;Revolt in the Legations;;;;;;;;;;;;;x
EVTDESC1001102;Bologna has risen. The papal legate was put in a carriage and sent north, the tricolour flies over the Palazzo d'Accursio, and an assembly has proclaimed the United Italian Provinces, declaring the temporal power of the Holy See at an end. Ferrara, Ravenna and Ancona have followed within the week, and the whole of the Romagna is lost to us. Rome has no army worth the name. Austria has a corps at Ferrara and Vienna needs only to be asked.;;;;;;;;;;;;;x
EVTOPTA1001102;Ask Vienna to restore order.;;;;;;;;;;;;;x
EVTOPTB1001102;Concede: a lay administration and reform.;;;;;;;;;;;;;x
EVTNAME1001102_NEWS_TITLE;BOLOGNA PROCLAIMS THE UNITED ITALIAN PROVINCES;;;;;;;;;;;;;x
EVTDESC1001102_NEWS_LONG;An assembly at Bologna has declared the temporal power of the Pope at an end and proclaimed the United Italian Provinces. The papal legate has been escorted from the city and the revolt has carried Ferrara, Ravenna and Ancona with it. Correspondents report that the Holy See, possessing no field army, has turned its eyes to the Austrian garrisons north of the Po.;;;;;;;;;;;;;x
EVTDESC1001102_NEWS_MEDIUM;The Legations have risen against the Holy See and proclaimed the United Italian Provinces at Bologna. Rome has no army to send against them.;;;;;;;;;;;;;x
EVTDESC1001102_NEWS_SHORT;The Papal Legations are in revolt.;;;;;;;;;;;;;x
EVTDESC1001100;Charcoal-burners, they call themselves, and their lodges have spread from the Abruzzi into every city of the peninsula. The vendite meet by night, swear their oaths on daggers, and pass tracts calling for a constitution and for Italy. Naples and Turin rose on their word in 1820 and 1821, and Austrian bayonets put both risings down - the lodges themselves were never broken. Our police know the names of half their leaders. The question is what we mean to do with them.;;;;;;;;;;;;;x
EVTNAME1001103;The Austrian Intervention;;;;;;;;;;;;;x
EVTDESC1001103;The Holy Father has asked for our troops. Prince Metternich reminds the Council that Troppau and Laibach bound the powers to put down revolution wherever it raises its head, and that we did precisely this at Naples and at Turin ten years ago. General Frimont's corps can be over the Po in a fortnight and in Bologna before the rebels have found a general. France, however, has a citizen king who has proclaimed the principle of non-intervention, and Paris will not be silent.;;;;;;;;;;;;;x
EVTOPTA1001103;Frimont will cross the Po.;;;;;;;;;;;;;x
EVTOPTB1001103;Let it burn. We will not be Europe's gendarme.;;;;;;;;;;;;;x
EVTNAME1001103_NEWS_TITLE;AUSTRIAN COLUMNS CROSS THE PO;;;;;;;;;;;;;x
EVTDESC1001103_NEWS_LONG;At the request of the Holy See, Austrian troops have entered the Papal Legations to put down the revolt of the United Italian Provinces. Vienna justifies the march by the principles agreed at Troppau and Laibach, under which the powers undertook to suppress revolution in the states of Italy. The cabinets of Paris and London have been informed rather than consulted.;;;;;;;;;;;;;x
EVTDESC1001103_NEWS_MEDIUM;Austrian troops have entered the Papal Legations at the request of Rome, invoking the Troppau principles against the Bolognese revolt.;;;;;;;;;;;;;x
EVTDESC1001103_NEWS_SHORT;Austria marches into the Legations.;;;;;;;;;;;;;x
EVTNAME1001104;The Powers and the Legations;;;;;;;;;;;;;x
EVTDESC1001104;The Italian question is on every desk in Europe. Vienna claims a right of intervention in the peninsula that no treaty of 1815 ever wrote down, and the courts must decide whether to say so aloud. Our ambassador wants instructions: a note of protest and a memorandum demanding reform of the papal administration, or a polite silence that leaves Italy to Austria as the price of quiet elsewhere.;;;;;;;;;;;;;x
EVTOPTA1001104;Protest, and demand reform in the Legations.;;;;;;;;;;;;;x
EVTOPTB1001104;Say nothing. Italy is Austria's affair.;;;;;;;;;;;;;x
EVTNAME1001104_NEWS_TITLE;THE CABINETS AND THE ITALIAN QUESTION;;;;;;;;;;;;;x
EVTDESC1001104_NEWS_LONG;The revolt in the Papal Legations has put the Italian question before every cabinet in Europe. At issue is whether Austria may act as the police of the peninsula on the invitation of any prince who asks, and whether the powers who signed at Vienna in 1815 have anything to say about how the Holy See governs its subjects.;;;;;;;;;;;;;x
EVTDESC1001104_NEWS_MEDIUM;The powers weigh a protest against Austrian intervention in Italy, and a memorandum on the government of the Papal Legations.;;;;;;;;;;;;;x
EVTDESC1001104_NEWS_SHORT;Europe debates the Italian question.;;;;;;;;;;;;;x
EVTNAME90055;The Schleswig-Holstein Question Resolved;;;;;;;;;;;;;x
EVTNAME1001500;The Daoguang Edicts;;;;;;;;;;;;;x
EVTOPTA1001500;Let the edicts be proclaimed and obeyed!;;;;;;;;;;;;;x
EVTOPTB1001500;The Canton trade pays for itself.;;;;;;;;;;;;;x
EVTNAME1001501;The Silver Drain;;;;;;;;;;;;;x
EVTOPTA1001501;Debase the coinage and be done with it.;;;;;;;;;;;;;x
EVTOPTB1001501;Send a High Commissioner to Canton!;;;;;;;;;;;;;x
EVTOPTC1001501;Legalise the drug and take our duty on it.;;;;;;;;;;;;;x
EVTNAME1001502;The Canton Trade;;;;;;;;;;;;;x
EVTDESC1001502;Word reaches London that the Emperor has renewed the prohibition of opium and means it this time. The Company's monopoly is dead, the free traders of Jardine and Matheson are loud in Parliament, and the Indian revenue leans heavily on the drug. The Superintendent at Canton asks for instructions, and behind him the merchants ask for frigates.;;;;;;;;;;;;;x
EVTOPTA1001502;The trade must go on - and be protected.;;;;;;;;;;;;;x
EVTOPTB1001502;We shall respect the edicts of the Emperor.;;;;;;;;;;;;;x
opium_prohibition;Opium Prohibition;;;;;;;;;;;;;x
canton_squeeze;The Canton Squeeze;;;;;;;;;;;;;x
silver_drain;Silver Drain;;;;;;;;;;;;;x
EVTDESC1001500;The new Emperor has scarcely been enthroned before the censors lay before him a mountain of memorials on the foreign drug. Opium chests land at Lintin by the thousand, paid for in Spanish silver that never returns, and magistrates, customs officers and the Hong merchants alike take their cut of the traffic. The Son of Heaven may thunder against the poison, or he may quietly acknowledge what every official at Canton already knows.;;;;;;;;;;;;;x
EVTDESC1001501;For a decade the edicts have been read aloud and ignored. The exchange rate of copper cash to silver has collapsed, taxes assessed in silver ruin the peasantry, and the treasury of the Board of Revenue empties into the holds of foreign clippers. Huang Juezi demands death for the smoker, while others urge that the trade be legalised, taxed, and paid for in tea rather than bullion.;;;;;;;;;;;;;x
EVTNAME1001400;The Tsar's Ultimatum;;;;;;;;;;;;;x
EVTOPTA1001400;Cross the Prut - the army marches on the Danube!;;;;;;;;;;;;;x
EVTOPTB1001400;Press the Porte at the conference table.;;;;;;;;;;;;;x
EVTNAME1001401;The Treaty of Adrianople;;;;;;;;;;;;;x
EVTDESC1001401;Diebitsch has crossed the Balkan range and stands at Adrianople, two days' march from Constantinople itself. The Sultan's envoys sue for terms. Nesselrode counsels moderation: a weak Ottoman Empire on the Straits serves us better than a scramble among the powers over its corpse. The Danubian principalities can be placed under our protection, the Serbs granted their privileges, Greek freedom recognised - or the army can march on the capital and take the prize outright, whatever London and Vienna may say.;;;;;;;;;;;;;x
EVTOPTA1001401;Moderation. Sign the peace at Adrianople.;;;;;;;;;;;;;x
EVTOPTB1001401;The road to Constantinople is open.;;;;;;;;;;;;;x
EVTNAME1001402;The Powers and the Straits;;;;;;;;;;;;;x
EVTDESC1001402;Russian columns are on the road to Constantinople and no Ottoman army stands between them and the Bosphorus. Should the Tsar seat himself astride the Straits, the balance of Europe settled at Vienna is undone at a stroke, and the road to the Mediterranean lies open to the Russian fleet. Our ambassadors must decide whether a note of protest suffices, or whether the Sultan is to be propped up with more than words.;;;;;;;;;;;;;x
EVTOPTA1001402;A formal protest will be lodged.;;;;;;;;;;;;;x
EVTOPTB1001402;The Porte must be sustained.;;;;;;;;;;;;;x
EVTNAME1001403;The Peace of Adrianople;;;;;;;;;;;;;x
EVTDESC1001403;The infidel armies stood at Adrianople and the capital was defenceless, yet the Tsar has offered terms rather than the sword. We must yield the mouth of the Danube and the Georgian fortresses, open the Straits to Russian commerce, confirm the privileges of the principalities and of the Serbs, and abandon the Greek provinces. The Empire survives, humbled, and the reforms of our late army can no longer be delayed.;;;;;;;;;;;;;x
EVTOPTA1001403;The Empire endures. We shall rebuild.;;;;;;;;;;;;;x
EVTDESC1001400;The Porte has flouted the Convention of Akkerman, closed the Straits to our merchantmen and answered the protocols of the powers with silence. Since the allied fleets destroyed the Ottoman navy at Navarino the Sultan has proclaimed a holy war against us and disavowed every article we signed. Wittgenstein's armies stand ready on the Prut, and the principalities of Moldavia and Wallachia would welcome them as liberators. The Greeks look to Saint Petersburg, and so does the whole of the Orthodox world.;;;;;;;;;;;;;x
EVTNAME1001600;MacCarthy's Expedition;;;;;;;;;;;;;x
EVTDESC1001600;Since the Crown took the African Company's forts into its own hands, Ashanti claims over the Fante states have pressed hard upon the Gold Coast. Sir Charles MacCarthy, Governor at Cape Coast, is convinced that a single show of force will settle the question, and would march inland with the militia and what allies the coast will furnish. The Asantehene's army is reckoned in tens of thousands.;;;;;;;;;;;;;x
EVTOPTA1001600;March on Kumasi;;;;;;;;;;;;;x
EVTOPTB1001600;Hold the coast and the forts;;;;;;;;;;;;;x
EVTNAME1001601;Disaster at Nsamankow;;;;;;;;;;;;;x
EVTOPTA1001601;Avenge the Governor;;;;;;;;;;;;;x
EVTNAME1001602;Peace on the Pra;;;;;;;;;;;;;x
EVTDESC1001602;Since the field of Dodowa the Asantehene's army has kept behind the Pra, and neither side gains by another season in the bush. The traders want a boundary they can name, the Fante states want a guarantee, and Whitehall wants the Gold Coast off the estimates. A treaty fixing the Pra as the frontier, with the coastal states left outside Ashanti authority, is within reach.;;;;;;;;;;;;;x
EVTOPTA1001602;Fix the boundary on the Pra;;;;;;;;;;;;;x
EVTOPTB1001602;Press on to Kumasi;;;;;;;;;;;;;x
EVTNAME1001603;The Golden Stool Stands;;;;;;;;;;;;;x
EVTDESC1001603;The white governor's column has been swallowed whole in the forest, and his head is borne to Kumasi. The Asantehene's authority over the interior is confirmed before every tributary chief, and the coastal states must reckon again with whom they deal.;;;;;;;;;;;;;x
EVTOPTA1001603;The Golden Stool stands;;;;;;;;;;;;;x
EVTNAME1001601_NEWS_TITLE;Governor MacCarthy Killed on the Gold Coast;;;;;;;;;;;;;x
EVTDESC1001601_NEWS_LONG;News has reached the coast of the destruction of Sir Charles MacCarthy's column at Nsamankow. The Governor is dead, the militia scattered, and the Ashanti army stands between the forts and the interior. The merchants of Cape Coast petition for regular troops.;;;;;;;;;;;;;x
EVTDESC1001601_NEWS_MEDIUM;Sir Charles MacCarthy's column has been destroyed at Nsamankow and the Governor is dead. The Gold Coast forts stand exposed.;;;;;;;;;;;;;x
EVTDESC1001601_NEWS_SHORT;MacCarthy killed at Nsamankow.;;;;;;;;;;;;;x
EVTDESC1001601;At Nsamankow on the Bonsa the Governor's small column was surrounded, its ammunition reserve found to hold the wrong stores, and destroyed. Sir Charles MacCarthy is dead, and his skull is carried to Kumasi as a war trophy. The coast is in a panic and the merchants of Cape Coast are writing to London for regular troops.;;;;;;;;;;;;;x
